{
  "nokos_orders": [
    {
      "id": "pr1vntznu",
      "userId": 8588043399,
      "data": {
        "userId": 8588043399,
        "orderId": "RO0000344560",
        "phoneNumber": "+62 831 6864 0706",
        "service": "WhatsApp",
        "country": "Indonesia",
        "operator": "Smartfren",
        "price": 4400,
        "status": "active",
        "expiresAt": 1766932964334,
        "expiresInMinutes": 20,
        "canCancelAt": 1766931884334,
        "deductedAmount": 4400,
        "refunded": true,
        "originalBalance": 5000,
        "manually_cancelled": true
      },
      "timestamp": "2025-12-28T14:22:44.335Z",
      "status": "active"
    },
    {
      "id": "xey4pumrt",
      "userId": 8588043399,
      "data": {
        "userId": 8588043399,
        "orderId": "RO0000344781",
        "phoneNumber": "+62 831 9983 4636",
        "service": "WhatsApp",
        "country": "Indonesia",
        "operator": "Smartfren",
        "price": 4400,
        "status": "active",
        "expiresAt": 1766933213209,
        "expiresInMinutes": 20,
        "canCancelAt": 1766932133209,
        "deductedAmount": 4400,
        "refunded": false,
        "originalBalance": 5000
      },
      "timestamp": "2025-12-28T14:26:53.209Z",
      "status": "active"
    },
    {
      "id": "m7aau4u5u",
      "userId": 6640208369,
      "data": {
        "userId": 6640208369,
        "orderId": "RO0000345098",
        "phoneNumber": "+62 831 8400 3294",
        "service": "Telegram",
        "country": "Indonesia",
        "operator": "3 (Three)",
        "price": 1050,
        "status": "active",
        "expiresAt": 1766933600173,
        "expiresInMinutes": 20,
        "canCancelAt": 1766932520173,
        "deductedAmount": 1050,
        "refunded": false,
        "originalBalance": 2000
      },
      "timestamp": "2025-12-28T14:33:20.174Z",
      "status": "active"
    }
  ],
  "rumahotp_deposits": [
    {
      "id": "RO2025122509384816589",
      "userId": 8135216159,
      "data": {
        "userId": 8135216159,
        "id": "RO2025122509384816589",
        "amount": 3000,
        "total": 3104,
        "fee": 104,
        "diterima": 3000,
        "method": "QRIS",
        "status": "success",
        "raw_data": {
          "success": true,
          "data": {
            "id": "RO2025122509384816589",
            "status": "pending",
            "method": "qris",
            "currency": {
              "type": "IDR",
              "total": 3104,
              "fee": 104,
              "diterima": 3000
            },
            "total": 3104,
            "fee": 104,
            "diterima": 3000,
            "qr_string": "00020101021226670016COM.NOBUBANK.WWW01189360050300000879140214250825000006680303UMI51440014ID.CO.QRIS.WWW0215ID20254297557180303UMI520448125303360540431045802ID5920CINDIGITAL OK25956226007CILACAP61055321162070703A016304D55F",
            "qr_image": "https://www.rumahotp.com/image/qr/RO2025122509384816589.png",
            "created_at": "2025-12-25 15:38:48",
            "created_at_ts": 1766651928013,
            "expired_at": "2025-12-25 15:58:48",
            "expired_at_ts": 1766653128013
          }
        }
      },
      "timestamp": "2025-12-25T08:38:48.364Z",
      "status": "success"
    },
    {
      "id": "RO2025122510281716622",
      "userId": 1427377124,
      "data": {
        "userId": 1427377124,
        "id": "RO2025122510281716622",
        "amount": 5000,
        "total": 5103,
        "fee": 103,
        "diterima": 5000,
        "method": "QRIS",
        "status": "success",
        "raw_data": {
          "success": true,
          "data": {
            "id": "RO2025122510281716622",
            "status": "pending",
            "method": "qris",
            "currency": {
              "type": "IDR",
              "total": 5103,
              "fee": 103,
              "diterima": 5000
            },
            "total": 5103,
            "fee": 103,
            "diterima": 5000,
            "qr_string": "00020101021226670016COM.NOBUBANK.WWW01189360050300000879140214250825000006680303UMI51440014ID.CO.QRIS.WWW0215ID20254297557180303UMI520448125303360540451035802ID5920CINDIGITAL OK25956226007CILACAP61055321162070703A01630472D4",
            "qr_image": "https://www.rumahotp.com/image/qr/RO2025122510281716622.png",
            "created_at": "2025-12-25 16:28:17",
            "created_at_ts": 1766654897127,
            "expired_at": "2025-12-25 16:48:17",
            "expired_at_ts": 1766656097127
          }
        }
      },
      "timestamp": "2025-12-25T09:28:17.517Z",
      "status": "success"
    },
    {
      "id": "RO2025122513040416775",
      "userId": 8135216159,
      "data": {
        "userId": 8135216159,
        "id": "RO2025122513040416775",
        "amount": 2000,
        "total": 2086,
        "fee": 86,
        "diterima": 2000,
        "method": "QRIS",
        "status": "success",
        "raw_data": {
          "success": true,
          "data": {
            "id": "RO2025122513040416775",
            "status": "pending",
            "method": "qris",
            "currency": {
              "type": "IDR",
              "total": 2086,
              "fee": 86,
              "diterima": 2000
            },
            "total": 2086,
            "fee": 86,
            "diterima": 2000,
            "qr_string": "00020101021226670016COM.NOBUBANK.WWW01189360050300000879140214250825000006680303UMI51440014ID.CO.QRIS.WWW0215ID20254297557180303UMI520448125303360540420865802ID5920CINDIGITAL OK25956226007CILACAP61055321162070703A016304A4CF",
            "qr_image": "https://www.rumahotp.com/image/qr/RO2025122513040416775.png",
            "created_at": "2025-12-25 19:04:04",
            "created_at_ts": 1766664244182,
            "expired_at": "2025-12-25 19:24:04",
            "expired_at_ts": 1766665444182
          }
        }
      },
      "timestamp": "2025-12-25T12:04:04.544Z",
      "status": "success"
    },
    {
      "id": "RO2025122513072316780",
      "userId": 7231406130,
      "data": {
        "userId": 7231406130,
        "id": "RO2025122513072316780",
        "amount": 5000,
        "total": 5100,
        "fee": 100,
        "diterima": 5000,
        "method": "QRIS",
        "status": "success",
        "raw_data": {
          "success": true,
          "data": {
            "id": "RO2025122513072316780",
            "status": "pending",
            "method": "qris",
            "currency": {
              "type": "IDR",
              "total": 5100,
              "fee": 100,
              "diterima": 5000
            },
            "total": 5100,
            "fee": 100,
            "diterima": 5000,
            "qr_string": "00020101021226670016COM.NOBUBANK.WWW01189360050300000879140214250825000006680303UMI51440014ID.CO.QRIS.WWW0215ID20254297557180303UMI520448125303360540451005802ID5920CINDIGITAL OK25956226007CILACAP61055321162070703A016304A775",
            "qr_image": "https://www.rumahotp.com/image/qr/RO2025122513072316780.png",
            "created_at": "2025-12-25 19:07:23",
            "created_at_ts": 1766664443359,
            "expired_at": "2025-12-25 19:27:23",
            "expired_at_ts": 1766665643359
          }
        }
      },
      "timestamp": "2025-12-25T12:07:23.700Z",
      "status": "success"
    },
    {
      "id": "RO2025122515154016891",
      "userId": 7767923522,
      "data": {
        "userId": 7767923522,
        "id": "RO2025122515154016891",
        "amount": 2000,
        "total": 2104,
        "fee": 104,
        "diterima": 2000,
        "method": "QRIS",
        "status": "success",
        "raw_data": {
          "success": true,
          "data": {
            "id": "RO2025122515154016891",
            "status": "pending",
            "method": "qris",
            "currency": {
              "type": "IDR",
              "total": 2104,
              "fee": 104,
              "diterima": 2000
            },
            "total": 2104,
            "fee": 104,
            "diterima": 2000,
            "qr_string": "00020101021226670016COM.NOBUBANK.WWW01189360050300000879140214250825000006680303UMI51440014ID.CO.QRIS.WWW0215ID20254297557180303UMI520448125303360540421045802ID5920CINDIGITAL OK25956226007CILACAP61055321162070703A016304B546",
            "qr_image": "https://www.rumahotp.com/image/qr/RO2025122515154016891.png",
            "created_at": "2025-12-25 21:15:40",
            "created_at_ts": 1766672140669,
            "expired_at": "2025-12-25 21:35:40",
            "expired_at_ts": 1766673340669
          }
        }
      },
      "timestamp": "2025-12-25T14:15:41.006Z",
      "status": "success"
    },
    {
      "id": "RO2025122515293016904",
      "userId": 7872762817,
      "data": {
        "userId": 7872762817,
        "id": "RO2025122515293016904",
        "amount": 2000,
        "total": 2066,
        "fee": 66,
        "diterima": 2000,
        "method": "QRIS",
        "status": "success",
        "raw_data": {
          "success": true,
          "data": {
            "id": "RO2025122515293016904",
            "status": "pending",
            "method": "qris",
            "currency": {
              "type": "IDR",
              "total": 2066,
              "fee": 66,
              "diterima": 2000
            },
            "total": 2066,
            "fee": 66,
            "diterima": 2000,
            "qr_string": "00020101021226670016COM.NOBUBANK.WWW01189360050300000879140214250825000006680303UMI51440014ID.CO.QRIS.WWW0215ID20254297557180303UMI520448125303360540420665802ID5920CINDIGITAL OK25956226007CILACAP61055321162070703A016304633F",
            "qr_image": "https://www.rumahotp.com/image/qr/RO2025122515293016904.png",
            "created_at": "2025-12-25 21:29:30",
            "created_at_ts": 1766672970609,
            "expired_at": "2025-12-25 21:49:30",
            "expired_at_ts": 1766674170609
          }
        }
      },
      "timestamp": "2025-12-25T14:29:30.952Z",
      "status": "success"
    },
    {
      "id": "RO2025122515332116912",
      "userId": 7872762817,
      "data": {
        "userId": 7872762817,
        "id": "RO2025122515332116912",
        "amount": 2000,
        "total": 2076,
        "fee": 76,
        "diterima": 2000,
        "method": "QRIS",
        "status": "success",
        "raw_data": {
          "success": true,
          "data": {
            "id": "RO2025122515332116912",
            "status": "pending",
            "method": "qris",
            "currency": {
              "type": "IDR",
              "total": 2076,
              "fee": 76,
              "diterima": 2000
            },
            "total": 2076,
            "fee": 76,
            "diterima": 2000,
            "qr_string": "00020101021226670016COM.NOBUBANK.WWW01189360050300000879140214250825000006680303UMI51440014ID.CO.QRIS.WWW0215ID20254297557180303UMI520448125303360540420765802ID5920CINDIGITAL OK25956226007CILACAP61055321162070703A0163047577",
            "qr_image": "https://www.rumahotp.com/image/qr/RO2025122515332116912.png",
            "created_at": "2025-12-25 21:33:21",
            "created_at_ts": 1766673201679,
            "expired_at": "2025-12-25 21:53:21",
            "expired_at_ts": 1766674401679
          }
        }
      },
      "timestamp": "2025-12-25T14:33:22.028Z",
      "status": "success"
    },
    {
      "id": "RO2025122515381416917",
      "userId": 7872762817,
      "data": {
        "userId": 7872762817,
        "id": "RO2025122515381416917",
        "amount": 2000,
        "total": 2085,
        "fee": 85,
        "diterima": 2000,
        "method": "QRIS",
        "status": "success",
        "raw_data": {
          "success": true,
          "data": {
            "id": "RO2025122515381416917",
            "status": "pending",
            "method": "qris",
            "currency": {
              "type": "IDR",
              "total": 2085,
              "fee": 85,
              "diterima": 2000
            },
            "total": 2085,
            "fee": 85,
            "diterima": 2000,
            "qr_string": "00020101021226670016COM.NOBUBANK.WWW01189360050300000879140214250825000006680303UMI51440014ID.CO.QRIS.WWW0215ID20254297557180303UMI520448125303360540420855802ID5920CINDIGITAL OK25956226007CILACAP61055321162070703A016304716E",
            "qr_image": "https://www.rumahotp.com/image/qr/RO2025122515381416917.png",
            "created_at": "2025-12-25 21:38:14",
            "created_at_ts": 1766673494140,
            "expired_at": "2025-12-25 21:58:14",
            "expired_at_ts": 1766674694140
          }
        }
      },
      "timestamp": "2025-12-25T14:38:14.510Z",
      "status": "success"
    },
    {
      "id": "RO2025122608223717453",
      "userId": 8394378169,
      "data": {
        "userId": 8394378169,
        "id": "RO2025122608223717453",
        "amount": 10000,
        "total": 10163,
        "fee": 163,
        "diterima": 10000,
        "method": "QRIS",
        "status": "success",
        "raw_data": {
          "success": true,
          "data": {
            "id": "RO2025122608223717453",
            "status": "pending",
            "method": "qris",
            "currency": {
              "type": "IDR",
              "total": 10163,
              "fee": 163,
              "diterima": 10000
            },
            "total": 10163,
            "fee": 163,
            "diterima": 10000,
            "qr_string": "00020101021226670016COM.NOBUBANK.WWW01189360050300000879140214250825000006680303UMI51440014ID.CO.QRIS.WWW0215ID20254297557180303UMI5204481253033605405101635802ID5920CINDIGITAL OK25956226007CILACAP61055321162070703A0163043693",
            "qr_image": "https://www.rumahotp.com/image/qr/RO2025122608223717453.png",
            "created_at": "2025-12-26 14:22:37",
            "created_at_ts": 1766733757034,
            "expired_at": "2025-12-26 14:42:37",
            "expired_at_ts": 1766734957034
          }
        }
      },
      "timestamp": "2025-12-26T07:22:37.398Z",
      "status": "success"
    },
    {
      "id": "RO2025122615120217815",
      "userId": 8394378169,
      "data": {
        "userId": 8394378169,
        "id": "RO2025122615120217815",
        "amount": 15000,
        "total": 15186,
        "fee": 186,
        "diterima": 15000,
        "method": "QRIS",
        "status": "success",
        "raw_data": {
          "success": true,
          "data": {
            "id": "RO2025122615120217815",
            "status": "pending",
            "method": "qris",
            "currency": {
              "type": "IDR",
              "total": 15186,
              "fee": 186,
              "diterima": 15000
            },
            "total": 15186,
            "fee": 186,
            "diterima": 15000,
            "qr_string": "00020101021226670016COM.NOBUBANK.WWW01189360050300000879140214250825000006680303UMI51440014ID.CO.QRIS.WWW0215ID20254297557180303UMI5204481253033605405151865802ID5920CINDIGITAL OK25956226007CILACAP61055321162070703A0163046FFD",
            "qr_image": "https://www.rumahotp.com/image/qr/RO2025122615120217815.png",
            "created_at": "2025-12-26 21:12:02",
            "created_at_ts": 1766758322961,
            "expired_at": "2025-12-26 21:32:02",
            "expired_at_ts": 1766759522961
          }
        }
      },
      "timestamp": "2025-12-26T14:12:03.318Z",
      "status": "success"
    },
    {
      "id": "RO2025122615583817862",
      "userId": 8472283012,
      "data": {
        "userId": 8472283012,
        "id": "RO2025122615583817862",
        "amount": 5000,
        "total": 5122,
        "fee": 122,
        "diterima": 5000,
        "method": "QRIS",
        "status": "success",
        "raw_data": {
          "success": true,
          "data": {
            "id": "RO2025122615583817862",
            "status": "pending",
            "method": "qris",
            "currency": {
              "type": "IDR",
              "total": 5122,
              "fee": 122,
              "diterima": 5000
            },
            "total": 5122,
            "fee": 122,
            "diterima": 5000,
            "qr_string": "00020101021226670016COM.NOBUBANK.WWW01189360050300000879140214250825000006680303UMI51440014ID.CO.QRIS.WWW0215ID20254297557180303UMI520448125303360540451225802ID5920CINDIGITAL OK25956226007CILACAP61055321162070703A01630412DB",
            "qr_image": "https://www.rumahotp.com/image/qr/RO2025122615583817862.png",
            "created_at": "2025-12-26 21:58:38",
            "created_at_ts": 1766761118786,
            "expired_at": "2025-12-26 22:18:38",
            "expired_at_ts": 1766762318786
          }
        }
      },
      "timestamp": "2025-12-26T14:58:39.206Z",
      "status": "success"
    },
    {
      "id": "RO2025122615590417863",
      "userId": 7380561959,
      "data": {
        "userId": 7380561959,
        "id": "RO2025122615590417863",
        "amount": 5000,
        "total": 5126,
        "fee": 126,
        "diterima": 5000,
        "method": "QRIS",
        "status": "success",
        "raw_data": {
          "success": true,
          "data": {
            "id": "RO2025122615590417863",
            "status": "pending",
            "method": "qris",
            "currency": {
              "type": "IDR",
              "total": 5126,
              "fee": 126,
              "diterima": 5000
            },
            "total": 5126,
            "fee": 126,
            "diterima": 5000,
            "qr_string": "00020101021226670016COM.NOBUBANK.WWW01189360050300000879140214250825000006680303UMI51440014ID.CO.QRIS.WWW0215ID20254297557180303UMI520448125303360540451265802ID5920CINDIGITAL OK25956226007CILACAP61055321162070703A0163043086",
            "qr_image": "https://www.rumahotp.com/image/qr/RO2025122615590417863.png",
            "created_at": "2025-12-26 21:59:04",
            "created_at_ts": 1766761144365,
            "expired_at": "2025-12-26 22:19:04",
            "expired_at_ts": 1766762344365
          }
        }
      },
      "timestamp": "2025-12-26T14:59:04.739Z",
      "status": "success"
    },
    {
      "id": "RO2025122616071217869",
      "userId": 7380561959,
      "data": {
        "userId": 7380561959,
        "id": "RO2025122616071217869",
        "amount": 2000,
        "total": 2098,
        "fee": 98,
        "diterima": 2000,
        "method": "QRIS",
        "status": "success",
        "raw_data": {
          "success": true,
          "data": {
            "id": "RO2025122616071217869",
            "status": "pending",
            "method": "qris",
            "currency": {
              "type": "IDR",
              "total": 2098,
              "fee": 98,
              "diterima": 2000
            },
            "total": 2098,
            "fee": 98,
            "diterima": 2000,
            "qr_string": "00020101021226670016COM.NOBUBANK.WWW01189360050300000879140214250825000006680303UMI51440014ID.CO.QRIS.WWW0215ID20254297557180303UMI520448125303360540420985802ID5920CINDIGITAL OK25956226007CILACAP61055321162070703A0163044D5E",
            "qr_image": "https://www.rumahotp.com/image/qr/RO2025122616071217869.png",
            "created_at": "2025-12-26 22:07:12",
            "created_at_ts": 1766761632979,
            "expired_at": "2025-12-26 22:27:12",
            "expired_at_ts": 1766762832979
          }
        }
      },
      "timestamp": "2025-12-26T15:07:13.330Z",
      "status": "success"
    },
    {
      "id": "RO2025122704394618115",
      "userId": 6986862544,
      "data": {
        "userId": 6986862544,
        "id": "RO2025122704394618115",
        "amount": 5000,
        "total": 5060,
        "fee": 60,
        "diterima": 5000,
        "method": "QRIS",
        "status": "success",
        "raw_data": {
          "success": true,
          "data": {
            "id": "RO2025122704394618115",
            "status": "pending",
            "method": "qris",
            "currency": {
              "type": "IDR",
              "total": 5060,
              "fee": 60,
              "diterima": 5000
            },
            "total": 5060,
            "fee": 60,
            "diterima": 5000,
            "qr_string": "00020101021226670016COM.NOBUBANK.WWW01189360050300000879140214250825000006680303UMI51440014ID.CO.QRIS.WWW0215ID20254297557180303UMI520448125303360540450605802ID5920CINDIGITAL OK25956226007CILACAP61055321162070703A016304E832",
            "qr_image": "https://www.rumahotp.com/image/qr/RO2025122704394618115.png",
            "created_at": "2025-12-27 10:39:46",
            "created_at_ts": 1766806786121,
            "expired_at": "2025-12-27 10:59:46",
            "expired_at_ts": 1766807986121
          }
        }
      },
      "timestamp": "2025-12-27T03:39:46.466Z",
      "status": "success"
    },
    {
      "id": "RO2025122705204518142",
      "userId": 7488662252,
      "data": {
        "userId": 7488662252,
        "id": "RO2025122705204518142",
        "amount": 6000,
        "total": 6133,
        "fee": 133,
        "diterima": 6000,
        "method": "QRIS",
        "status": "success",
        "raw_data": {
          "success": true,
          "data": {
            "id": "RO2025122705204518142",
            "status": "pending",
            "method": "qris",
            "currency": {
              "type": "IDR",
              "total": 6133,
              "fee": 133,
              "diterima": 6000
            },
            "total": 6133,
            "fee": 133,
            "diterima": 6000,
            "qr_string": "00020101021226670016COM.NOBUBANK.WWW01189360050300000879140214250825000006680303UMI51440014ID.CO.QRIS.WWW0215ID20254297557180303UMI520448125303360540461335802ID5920CINDIGITAL OK25956226007CILACAP61055321162070703A016304E827",
            "qr_image": "https://www.rumahotp.com/image/qr/RO2025122705204518142.png",
            "created_at": "2025-12-27 11:20:45",
            "created_at_ts": 1766809245946,
            "expired_at": "2025-12-27 11:40:45",
            "expired_at_ts": 1766810445946
          }
        }
      },
      "timestamp": "2025-12-27T04:20:46.311Z",
      "status": "success"
    },
    {
      "id": "RO2025122706182618173",
      "userId": 8308978068,
      "data": {
        "userId": 8308978068,
        "id": "RO2025122706182618173",
        "amount": 2000,
        "total": 2041,
        "fee": 41,
        "diterima": 2000,
        "method": "QRIS",
        "status": "success",
        "raw_data": {
          "success": true,
          "data": {
            "id": "RO2025122706182618173",
            "status": "pending",
            "method": "qris",
            "currency": {
              "type": "IDR",
              "total": 2041,
              "fee": 41,
              "diterima": 2000
            },
            "total": 2041,
            "fee": 41,
            "diterima": 2000,
            "qr_string": "00020101021226670016COM.NOBUBANK.WWW01189360050300000879140214250825000006680303UMI51440014ID.CO.QRIS.WWW0215ID20254297557180303UMI520448125303360540420415802ID5920CINDIGITAL OK25956226007CILACAP61055321162070703A016304B853",
            "qr_image": "https://www.rumahotp.com/image/qr/RO2025122706182618173.png",
            "created_at": "2025-12-27 12:18:26",
            "created_at_ts": 1766812706195,
            "expired_at": "2025-12-27 12:38:26",
            "expired_at_ts": 1766813906195
          }
        }
      },
      "timestamp": "2025-12-27T05:18:26.554Z",
      "status": "success"
    },
    {
      "id": "RO2025122710040418290",
      "userId": 7693602391,
      "data": {
        "userId": 7693602391,
        "id": "RO2025122710040418290",
        "amount": 2000,
        "total": 2093,
        "fee": 93,
        "diterima": 2000,
        "method": "QRIS",
        "status": "success",
        "raw_data": {
          "success": true,
          "data": {
            "id": "RO2025122710040418290",
            "status": "pending",
            "method": "qris",
            "currency": {
              "type": "IDR",
              "total": 2093,
              "fee": 93,
              "diterima": 2000
            },
            "total": 2093,
            "fee": 93,
            "diterima": 2000,
            "qr_string": "00020101021226670016COM.NOBUBANK.WWW01189360050300000879140214250825000006680303UMI51440014ID.CO.QRIS.WWW0215ID20254297557180303UMI520448125303360540420935802ID5920CINDIGITAL OK25956226007CILACAP61055321162070703A016304DC45",
            "qr_image": "https://www.rumahotp.com/image/qr/RO2025122710040418290.png",
            "created_at": "2025-12-27 16:04:04",
            "created_at_ts": 1766826244832,
            "expired_at": "2025-12-27 16:24:04",
            "expired_at_ts": 1766827444832
          }
        }
      },
      "timestamp": "2025-12-27T09:04:05.200Z",
      "status": "success"
    },
    {
      "id": "RO2025122710072918295",
      "userId": 7693602391,
      "data": {
        "userId": 7693602391,
        "id": "RO2025122710072918295",
        "amount": 5000,
        "total": 5072,
        "fee": 72,
        "diterima": 5000,
        "method": "QRIS",
        "status": "success",
        "raw_data": {
          "success": true,
          "data": {
            "id": "RO2025122710072918295",
            "status": "pending",
            "method": "qris",
            "currency": {
              "type": "IDR",
              "total": 5072,
              "fee": 72,
              "diterima": 5000
            },
            "total": 5072,
            "fee": 72,
            "diterima": 5000,
            "qr_string": "00020101021226670016COM.NOBUBANK.WWW01189360050300000879140214250825000006680303UMI51440014ID.CO.QRIS.WWW0215ID20254297557180303UMI520448125303360540450725802ID5920CINDIGITAL OK25956226007CILACAP61055321162070703A0163046744",
            "qr_image": "https://www.rumahotp.com/image/qr/RO2025122710072918295.png",
            "created_at": "2025-12-27 16:07:29",
            "created_at_ts": 1766826449132,
            "expired_at": "2025-12-27 16:27:29",
            "expired_at_ts": 1766827649132
          }
        }
      },
      "timestamp": "2025-12-27T09:07:29.487Z",
      "status": "success"
    },
    {
      "id": "RO2025122710242318305",
      "userId": 7575136006,
      "data": {
        "userId": 7575136006,
        "id": "RO2025122710242318305",
        "amount": 8400,
        "total": 8530,
        "fee": 130,
        "diterima": 8400,
        "method": "QRIS",
        "status": "success",
        "raw_data": {
          "success": true,
          "data": {
            "id": "RO2025122710242318305",
            "status": "pending",
            "method": "qris",
            "currency": {
              "type": "IDR",
              "total": 8530,
              "fee": 130,
              "diterima": 8400
            },
            "total": 8530,
            "fee": 130,
            "diterima": 8400,
            "qr_string": "00020101021226670016COM.NOBUBANK.WWW01189360050300000879140214250825000006680303UMI51440014ID.CO.QRIS.WWW0215ID20254297557180303UMI520448125303360540485305802ID5920CINDIGITAL OK25956226007CILACAP61055321162070703A016304B686",
            "qr_image": "https://www.rumahotp.com/image/qr/RO2025122710242318305.png",
            "created_at": "2025-12-27 16:24:23",
            "created_at_ts": 1766827463406,
            "expired_at": "2025-12-27 16:44:23",
            "expired_at_ts": 1766828663406
          }
        }
      },
      "timestamp": "2025-12-27T09:24:23.755Z",
      "status": "success"
    },
    {
      "id": "RO2025122710585118341",
      "userId": 7575136006,
      "data": {
        "userId": 7575136006,
        "id": "RO2025122710585118341",
        "amount": 3000,
        "total": 3094,
        "fee": 94,
        "diterima": 3000,
        "method": "QRIS",
        "status": "success",
        "raw_data": {
          "success": true,
          "data": {
            "id": "RO2025122710585118341",
            "status": "pending",
            "method": "qris",
            "currency": {
              "type": "IDR",
              "total": 3094,
              "fee": 94,
              "diterima": 3000
            },
            "total": 3094,
            "fee": 94,
            "diterima": 3000,
            "qr_string": "00020101021226670016COM.NOBUBANK.WWW01189360050300000879140214250825000006680303UMI51440014ID.CO.QRIS.WWW0215ID20254297557180303UMI520448125303360540430945802ID5920CINDIGITAL OK25956226007CILACAP61055321162070703A0163044BA0",
            "qr_image": "https://www.rumahotp.com/image/qr/RO2025122710585118341.png",
            "created_at": "2025-12-27 16:58:51",
            "created_at_ts": 1766829531785,
            "expired_at": "2025-12-27 17:18:51",
            "expired_at_ts": 1766830731785
          }
        }
      },
      "timestamp": "2025-12-27T09:58:52.143Z",
      "status": "success"
    },
    {
      "id": "RO2025122714425918579",
      "userId": 7568960443,
      "data": {
        "userId": 7568960443,
        "id": "RO2025122714425918579",
        "amount": 7000,
        "total": 7059,
        "fee": 59,
        "diterima": 7000,
        "method": "QRIS",
        "status": "success",
        "raw_data": {
          "success": true,
          "data": {
            "id": "RO2025122714425918579",
            "status": "pending",
            "method": "qris",
            "currency": {
              "type": "IDR",
              "total": 7059,
              "fee": 59,
              "diterima": 7000
            },
            "total": 7059,
            "fee": 59,
            "diterima": 7000,
            "qr_string": "00020101021226670016COM.NOBUBANK.WWW01189360050300000879140214250825000006680303UMI51440014ID.CO.QRIS.WWW0215ID20254297557180303UMI520448125303360540470595802ID5920CINDIGITAL OK25956226007CILACAP61055321162070703A0163041AFD",
            "qr_image": "https://www.rumahotp.com/image/qr/RO2025122714425918579.png",
            "created_at": "2025-12-27 20:42:59",
            "created_at_ts": 1766842979408,
            "expired_at": "2025-12-27 21:02:59",
            "expired_at_ts": 1766844179408
          }
        }
      },
      "timestamp": "2025-12-27T13:42:59.765Z",
      "status": "success"
    },
    {
      "id": "RO2025122805353619013",
      "userId": 8394378169,
      "data": {
        "userId": 8394378169,
        "id": "RO2025122805353619013",
        "amount": 17000,
        "total": 17203,
        "fee": 203,
        "diterima": 17000,
        "method": "QRIS",
        "status": "success",
        "raw_data": {
          "success": true,
          "data": {
            "id": "RO2025122805353619013",
            "status": "pending",
            "method": "qris",
            "currency": {
              "type": "IDR",
              "total": 17203,
              "fee": 203,
              "diterima": 17000
            },
            "total": 17203,
            "fee": 203,
            "diterima": 17000,
            "qr_string": "00020101021226670016COM.NOBUBANK.WWW01189360050300000879140214250825000006680303UMI51440014ID.CO.QRIS.WWW0215ID20254297557180303UMI5204481253033605405172035802ID5920CINDIGITAL OK25956226007CILACAP61055321162070703A0163043C54",
            "qr_image": "https://www.rumahotp.com/image/qr/RO2025122805353619013.png",
            "created_at": "2025-12-28 11:35:36",
            "created_at_ts": 1766896536876,
            "expired_at": "2025-12-28 11:55:36",
            "expired_at_ts": 1766897736876
          }
        }
      },
      "timestamp": "2025-12-28T04:35:37.234Z",
      "status": "success"
    },
    {
      "id": "RO2025122810510119410",
      "userId": 1278937243,
      "data": {
        "userId": 1278937243,
        "id": "RO2025122810510119410",
        "amount": 10000,
        "total": 10116,
        "fee": 116,
        "diterima": 10000,
        "method": "QRIS",
        "status": "success",
        "raw_data": {
          "success": true,
          "data": {
            "id": "RO2025122810510119410",
            "status": "pending",
            "method": "qris",
            "currency": {
              "type": "IDR",
              "total": 10116,
              "fee": 116,
              "diterima": 10000
            },
            "total": 10116,
            "fee": 116,
            "diterima": 10000,
            "qr_string": "00020101021226670016COM.NOBUBANK.WWW01189360050300000879140214250825000006680303UMI51440014ID.CO.QRIS.WWW0215ID20254297557180303UMI5204481253033605405101165802ID5920CINDIGITAL OK25956226007CILACAP61055321162070703A0163043BA9",
            "qr_image": "https://www.rumahotp.com/image/qr/RO2025122810510119410.png",
            "created_at": "2025-12-28 16:51:01",
            "created_at_ts": 1766915461372,
            "expired_at": "2025-12-28 17:11:01",
            "expired_at_ts": 1766916661372
          }
        }
      },
      "timestamp": "2025-12-28T09:51:01.740Z",
      "status": "success"
    },
    {
      "id": "RO2025122812170019501",
      "userId": 7575136006,
      "data": {
        "userId": 7575136006,
        "id": "RO2025122812170019501",
        "amount": 2000,
        "total": 2090,
        "fee": 90,
        "diterima": 2000,
        "method": "QRIS",
        "status": "success",
        "raw_data": {
          "success": true,
          "data": {
            "id": "RO2025122812170019501",
            "status": "pending",
            "method": "qris",
            "currency": {
              "type": "IDR",
              "total": 2090,
              "fee": 90,
              "diterima": 2000
            },
            "total": 2090,
            "fee": 90,
            "diterima": 2000,
            "qr_string": "00020101021226670016COM.NOBUBANK.WWW01189360050300000879140214250825000006680303UMI51440014ID.CO.QRIS.WWW0215ID20254297557180303UMI520448125303360540420905802ID5920CINDIGITAL OK25956226007CILACAP61055321162070703A01630409E4",
            "qr_image": "https://www.rumahotp.com/image/qr/RO2025122812170019501.png",
            "created_at": "2025-12-28 18:17:00",
            "created_at_ts": 1766920620454,
            "expired_at": "2025-12-28 18:37:00",
            "expired_at_ts": 1766921820454
          }
        }
      },
      "timestamp": "2025-12-28T11:17:00.798Z",
      "status": "success"
    },
    {
      "id": "RO2025122812210119505",
      "userId": 7575136006,
      "data": {
        "userId": 7575136006,
        "id": "RO2025122812210119505",
        "amount": 2000,
        "total": 2104,
        "fee": 104,
        "diterima": 2000,
        "method": "QRIS",
        "status": "success",
        "raw_data": {
          "success": true,
          "data": {
            "id": "RO2025122812210119505",
            "status": "pending",
            "method": "qris",
            "currency": {
              "type": "IDR",
              "total": 2104,
              "fee": 104,
              "diterima": 2000
            },
            "total": 2104,
            "fee": 104,
            "diterima": 2000,
            "qr_string": "00020101021226670016COM.NOBUBANK.WWW01189360050300000879140214250825000006680303UMI51440014ID.CO.QRIS.WWW0215ID20254297557180303UMI520448125303360540421045802ID5920CINDIGITAL OK25956226007CILACAP61055321162070703A016304B546",
            "qr_image": "https://www.rumahotp.com/image/qr/RO2025122812210119505.png",
            "created_at": "2025-12-28 18:21:01",
            "created_at_ts": 1766920861087,
            "expired_at": "2025-12-28 18:41:01",
            "expired_at_ts": 1766922061087
          }
        }
      },
      "timestamp": "2025-12-28T11:21:01.450Z",
      "status": "success"
    },
    {
      "id": "RO2025122812281319517",
      "userId": 6640208369,
      "data": {
        "userId": 6640208369,
        "id": "RO2025122812281319517",
        "amount": 2000,
        "total": 2104,
        "fee": 104,
        "diterima": 2000,
        "method": "QRIS",
        "status": "success",
        "raw_data": {
          "success": true,
          "data": {
            "id": "RO2025122812281319517",
            "status": "pending",
            "method": "qris",
            "currency": {
              "type": "IDR",
              "total": 2104,
              "fee": 104,
              "diterima": 2000
            },
            "total": 2104,
            "fee": 104,
            "diterima": 2000,
            "qr_string": "00020101021226670016COM.NOBUBANK.WWW01189360050300000879140214250825000006680303UMI51440014ID.CO.QRIS.WWW0215ID20254297557180303UMI520448125303360540421045802ID5920CINDIGITAL OK25956226007CILACAP61055321162070703A016304B546",
            "qr_image": "https://www.rumahotp.com/image/qr/RO2025122812281319517.png",
            "created_at": "2025-12-28 18:28:13",
            "created_at_ts": 1766921293741,
            "expired_at": "2025-12-28 18:48:13",
            "expired_at_ts": 1766922493741
          }
        }
      },
      "timestamp": "2025-12-28T11:28:14.095Z",
      "status": "success"
    },
    {
      "id": "RO2025122815122819732",
      "userId": 8588043399,
      "data": {
        "userId": 8588043399,
        "id": "RO2025122815122819732",
        "amount": 5000,
        "total": 5099,
        "fee": 99,
        "diterima": 5000,
        "method": "QRIS",
        "status": "success",
        "raw_data": {
          "success": true,
          "data": {
            "id": "RO2025122815122819732",
            "status": "pending",
            "method": "qris",
            "currency": {
              "type": "IDR",
              "total": 5099,
              "fee": 99,
              "diterima": 5000
            },
            "total": 5099,
            "fee": 99,
            "diterima": 5000,
            "qr_string": "00020101021226670016COM.NOBUBANK.WWW01189360050300000879140214250825000006680303UMI51440014ID.CO.QRIS.WWW0215ID20254297557180303UMI520448125303360540450995802ID5920CINDIGITAL OK25956226007CILACAP61055321162070703A01630431AF",
            "qr_image": "https://www.rumahotp.com/image/qr/RO2025122815122819732.png",
            "created_at": "2025-12-28 21:12:28",
            "created_at_ts": 1766931148740,
            "expired_at": "2025-12-28 21:32:28",
            "expired_at_ts": 1766932348740
          }
        }
      },
      "timestamp": "2025-12-28T14:12:29.084Z",
      "status": "success"
    },
    {
      "id": "RO2025122815155319738",
      "userId": 8404840212,
      "data": {
        "userId": 8404840212,
        "id": "RO2025122815155319738",
        "amount": 5000,
        "total": 5103,
        "fee": 103,
        "diterima": 5000,
        "method": "QRIS",
        "status": "pending",
        "raw_data": {
          "success": true,
          "data": {
            "id": "RO2025122815155319738",
            "status": "pending",
            "method": "qris",
            "currency": {
              "type": "IDR",
              "total": 5103,
              "fee": 103,
              "diterima": 5000
            },
            "total": 5103,
            "fee": 103,
            "diterima": 5000,
            "qr_string": "00020101021226670016COM.NOBUBANK.WWW01189360050300000879140214250825000006680303UMI51440014ID.CO.QRIS.WWW0215ID20254297557180303UMI520448125303360540451035802ID5920CINDIGITAL OK25956226007CILACAP61055321162070703A01630472D4",
            "qr_image": "https://www.rumahotp.com/image/qr/RO2025122815155319738.png",
            "created_at": "2025-12-28 21:15:53",
            "created_at_ts": 1766931353183,
            "expired_at": "2025-12-28 21:35:53",
            "expired_at_ts": 1766932553183
          }
        }
      },
      "timestamp": "2025-12-28T14:15:53.532Z",
      "status": "pending"
    }
  ],
  "cashify_deposits": []
}